-- MySQL dump 10.13  Distrib 8.0.36, for Win64 (x86_64)
--
-- Host: localhost    Database: db_atria_mapping
-- ------------------------------------------------------
-- Server version	8.0.37

/*!40101 SET @OLD_CHARACTER_SET_CLIENT=@@CHARACTER_SET_CLIENT */;
/*!40101 SET @OLD_CHARACTER_SET_RESULTS=@@CHARACTER_SET_RESULTS */;
/*!40101 SET @OLD_COLLATION_CONNECTION=@@COLLATION_CONNECTION */;
/*!50503 SET NAMES utf8 */;
/*!40103 SET @OLD_TIME_ZONE=@@TIME_ZONE */;
/*!40103 SET TIME_ZONE='+00:00' */;
/*!40014 SET @OLD_UNIQUE_CHECKS=@@UNIQUE_CHECKS, UNIQUE_CHECKS=0 */;
/*!40014 SET @OLD_FOREIGN_KEY_CHECKS=@@FOREIGN_KEY_CHECKS, FOREIGN_KEY_CHECKS=0 */;
/*!40101 SET @OLD_SQL_MODE=@@SQL_MODE, SQL_MODE='NO_AUTO_VALUE_ON_ZERO' */;
/*!40111 SET @OLD_SQL_NOTES=@@SQL_NOTES, SQL_NOTES=0 */;

--
-- Table structure for table `muestras`
--

DROP TABLE IF EXISTS `muestras`;
/*!40101 SET @saved_cs_client     = @@character_set_client */;
/*!50503 SET character_set_client = utf8mb4 */;
CREATE TABLE `muestras` (
  `id_muestra` int NOT NULL AUTO_INCREMENT,
  `id_plataforma` int NOT NULL,
  `url_img` varchar(255) CHARACTER SET utf8mb3 COLLATE utf8mb3_spanish2_ci NOT NULL,
  `nombre_img` varchar(255) CHARACTER SET utf8mb3 COLLATE utf8mb3_spanish2_ci DEFAULT NULL,
  `fecha_img` varchar(45) CHARACTER SET utf8mb3 COLLATE utf8mb3_spanish2_ci DEFAULT NULL,
  `ubicación` varchar(255) CHARACTER SET utf8mb3 COLLATE utf8mb3_spanish2_ci DEFAULT NULL,
  `destacado` varchar(2) CHARACTER SET utf8mb3 COLLATE utf8mb3_spanish2_ci DEFAULT 'no',
  `alt_img` varchar(255) CHARACTER SET utf8mb3 COLLATE utf8mb3_spanish2_ci DEFAULT NULL,
  `muestra_activa` tinyint NOT NULL DEFAULT '1',
  PRIMARY KEY (`id_muestra`),
  KEY `fk_plataforma_idx` (`id_plataforma`),
  CONSTRAINT `fk_plataforma` FOREIGN KEY (`id_plataforma`) REFERENCES `plataformas` (`id_plataforma`)
) ENGINE=InnoDB AUTO_INCREMENT=138 DEFAULT CHARSET=utf8mb3 COLLATE=utf8mb3_spanish2_ci;
/*!40101 SET character_set_client = @saved_cs_client */;

--
-- Dumping data for table `muestras`
--

LOCK TABLES `muestras` WRITE;
/*!40000 ALTER TABLE `muestras` DISABLE KEYS */;
INSERT INTO `muestras` VALUES (1,1,'./multimedia/imagenes/Imágenes-galería/imagenes-md/md-imagen-1.jpg','Mount Merapi Fumes','April 24, 2023','Java, Indonesia','no','Mount Merapi Fumes',1),(2,4,'./multimedia/imagenes/Imágenes-galería/imagenes-md/md-imagen-2.jpg','Plateau of Chasms','November 10, 2022','Tassili N\'ajjer National Park, Algeria','no','Plateau of Chasms',1),(3,2,'./multimedia/imagenes/Imágenes-galería/imagenes-md/md-imagen-3.jpg','Junma Solar Power Station','October 28, 2022','Ordos, Inner Mongolia, China','no','Junma Solar Power Station',1),(4,5,'./multimedia/imagenes/Imágenes-galería/imagenes-md/md-imagen-4.jpg','Penguin Colonies','October 13, 2022','Coulman Island, Antarctica','no','Penguin Colonies',1),(5,4,'./multimedia/imagenes/Imágenes-galería/imagenes-md/md-imagen-5.jpg','Hurricane Ian’s Aftermath','October 2, 2022','Gasparilla Sound, Florida','no','Hurricane Ian’s Aftermath',1),(6,4,'./multimedia/imagenes/Imágenes-galería/imagenes-md/md-imagen-6.jpg','Ghost Village Under Lindoso Reservoir','September 28, 2022','Aceredo, Spain','no','Ghost Village Under Lindoso Reservoir',1),(7,4,'./multimedia/imagenes/Imágenes-galería/imagenes-md/md-imagen-7.jpg','Tailings Pond Failure','September 19, 2022','Jagersfontein, South Africa','no','Tailings Pond Failure',1),(8,5,'./multimedia/imagenes/Imágenes-galería/imagenes-md/md-imagen-8.jpg','Arctic Heat Wave','September 14, 2022','Ilulissat, Greenland','no','Arctic Heat Wave',1),(9,3,'./multimedia/imagenes/Imágenes-galería/imagenes-md/md-imagen-9.jpg','Contrasting Landscapes','August 31, 2022','Goiás, Brazil','no','Contrasting Landscapes',1),(10,6,'./multimedia/imagenes/Imágenes-galería/imagenes-md/md-imagen-10.jpg','Windmill Assembly','August 29, 2022','Oklahoma','no','Windmill Assembly',1),(11,1,'./multimedia/imagenes/Imágenes-galería/imagenes-md/md-imagen-11.jpg','Zaporizhzhia Nuclear Power Plant','August 25, 2022','Enerhodar, Ukraine','no','Zaporizhzhia Nuclear Power Plant',1),(12,1,'./multimedia/imagenes/Imágenes-galería/imagenes-md/md-imagen-12.jpg','Nabro Volcano','July 28, 2022','Danikil Depression, Eritrea','no','Nabro Volcano',1),(13,1,'./multimedia/imagenes/Imágenes-galería/imagenes-md/md-imagen-13.jpg','Marmolada Glacier Collapse','July 12, 2022','Dolomite Mountains, Italy','no','Marmolada Glacier Collapse',1),(14,3,'./multimedia/imagenes/Imágenes-galería/imagenes-md/md-imagen-14.jpg','Ekuma River','May 25, 2022','Etosha National Park, Namibia','no','Ekuma River',1),(15,1,'./multimedia/imagenes/Imágenes-galería/imagenes-md/md-imagen-15.jpg','Cerberus Volcano Vents Ash','May 18, 2022','Semisopochnoi Island, Alaska','no','Cerberus Volcano Vents Ash',1),(16,1,'./multimedia/imagenes/Imágenes-galería/imagenes-md/md-imagen-16.jpg','Mount Everest','April 21, 2022','Nepal & China','no','Mount Everest',1),(17,6,'./multimedia/imagenes/Imágenes-galería/imagenes-md/md-imagen-17.jpg','Ever Forward','April 13, 2022','Chesapeake Bay, Maryland','no','Ever Forward',1),(18,5,'./multimedia/imagenes/Imágenes-galería/imagenes-md/md-imagen-18.jpg','Sound of Peace','March 20, 2022','Berlin, Germany','no','Sound of Peace',1),(19,5,'./multimedia/imagenes/Imágenes-galería/imagenes-md/md-imagen-19.jpg','Blarney Castle','March 16, 2022','Cork, Ireland','no','Blarney Castle',1),(20,4,'./multimedia/imagenes/Imágenes-galería/imagenes-md/md-imagen-20.jpg','Machulishchy Air Base','March 7, 2022','Minsk Region, Belarus','no','Machulishchy Air Base',1),(21,4,'./multimedia/imagenes/Imágenes-galería/imagenes-md/md-imagen-21.jpg','Superyacht','March 6, 2022','Seychelles, Indian Ocean','no','Superyacht',1),(22,5,'./multimedia/imagenes/Imágenes-galería/imagenes-md/md-imagen-22.jpg','Rocket Attack','March 3, 2022','Belgorod Oblast, Russia','no','Rocket Attack',1),(23,2,'./multimedia/imagenes/Imágenes-galería/imagenes-md/md-imagen-23.jpg','Vilok-Tiszabecs Border Crossing','February 28, 2022','Ukraine-Hungary Border','no','Vilok-Tiszabecs Border Crossing',1),(24,5,'./multimedia/imagenes/Imágenes-galería/imagenes-md/md-imagen-24.jpg','Vasylkiv Fuel Depot','February 26, 2022','Kyiv Oblast, Ukraine','no','Vasylkiv Fuel Depot',1),(25,6,'./multimedia/imagenes/Imágenes-galería/imagenes-md/md-imagen-25.jpg','Chernobyl Nuclear Power Plant','February 25, 2022','Pripyat, Ukraine','no','Chernobyl Nuclear Power Plant',1),(26,1,'./multimedia/imagenes/Imágenes-galería/imagenes-md/md-imagen-26.jpg','Russian Navy in the Mediterranean','February 23, 2022','Mediterranean Sea','no','Russian Navy in the Mediterranean',1),(27,4,'./multimedia/imagenes/Imágenes-galería/imagenes-md/md-imagen-27.jpg','A Cold Winter Morning in Ottawa','February 16, 2022','Ottawa, Canada','no','A Cold Winter Morning in Ottawa',1),(28,1,'./multimedia/imagenes/Imágenes-galería/imagenes-md/md-imagen-28.jpg','Hunga-Tonga Hunga-Ha\'apai','January 11, 2022','Tonga','no','Hunga-Tonga Hunga-Ha\'apai',1),(29,6,'./multimedia/imagenes/Imágenes-galería/imagenes-md/md-imagen-29.jpg','Rising Ebro River','December 15, 2021','Zaragoza, Spain','no','Rising Ebro River',1),(30,5,'./multimedia/imagenes/Imágenes-galería/imagenes-md/md-imagen-30.jpg','Tegel Airport Mural','November 3, 2021','Berlin, Germany','no','Tegel Airport Mural',1),(31,1,'./multimedia/imagenes/Imágenes-galería/imagenes-md/md-imagen-31.jpg','Point Lay','November 2, 2021','North Slope Borough, Alaska','no','Point Lay',1),(32,6,'./multimedia/imagenes/Imágenes-galería/imagenes-md/md-imagen-32.jpg','Pollution on Lake Maracaibo','October 28, 2021','Bachaquero, Venezuela','no','Pollution on Lake Maracaibo',1),(33,5,'./multimedia/imagenes/Imágenes-galería/imagenes-md/md-imagen-33.jpg','Rainbow Bridge','October 10, 2021','Lake Powell National Recreation Area, Utah','no','Rainbow Bridge',1),(34,3,'./multimedia/imagenes/Imágenes-galería/imagenes-md/md-imagen-34.jpg','Windy Fire','September 27, 2021','Tulare County, California','no','Windy Fire',1),(35,5,'./multimedia/imagenes/Imágenes-galería/imagenes-md/md-imagen-35.jpg','Fires on Evia','August 8, 2021','Evia, Greece','no','Fires on Evia',1),(36,6,'./multimedia/imagenes/Imágenes-galería/imagenes-md/md-imagen-36.jpg','Lava Fire Burns Near Mount Shasta','June 28, 2021','Shasta County, California','no','Lava Fire Burns Near Mount Shasta',1),(37,1,'./multimedia/imagenes/Imágenes-galería/imagenes-md/md-imagen-37.jpg','Lava Flows on Nyiragongo','June 12, 2021','Goma, Democratic Republic of the Congo','no','Lava Flows on Nyiragongo',1),(38,3,'./multimedia/imagenes/Imágenes-galería/imagenes-md/md-imagen-38.jpg','Rajaji National Park','June 10, 2021','Uttarakhand, India','no','Rajaji National Park',1),(39,2,'./multimedia/imagenes/Imágenes-galería/imagenes-md/md-imagen-39.jpg','Phytoplankton in the Sea of Marmara','June 9, 2021','Sea of Marmara, Turkey','no','Phytoplankton in the Sea of Marmara',1),(40,2,'./multimedia/imagenes/Imágenes-galería/imagenes-md/md-imagen-40.jpg','Mining Along the Igarapé Pau-branco','June 7, 2021','Pará, Brazil','no','Mining Along the Igarapé Pau-branco',1),(41,1,'./multimedia/imagenes/Imágenes-galería/imagenes-md/md-imagen-41.jpg','Washington DC Landcover','May 23, 2021','Washington, DC','no','Washington DC Landcover',1),(42,4,'./multimedia/imagenes/Imágenes-galería/imagenes-md/md-imagen-42.jpg','West Coast of Grande Terre','May 20, 2021','New Caledonia, France','no','West Coast of Grande Terre',1),(43,6,'./multimedia/imagenes/Imágenes-galería/imagenes-md/md-imagen-43.jpg','Pico do Tracoá','May 13, 2021','Rondonia, Brazil','no','Pico do Tracoá',1),(44,4,'./multimedia/imagenes/Imágenes-galería/imagenes-md/md-imagen-44.jpg','Chimanimani National Park','May 12, 2021','Manica, Mozambique','no','Chimanimani National Park',1),(45,2,'./multimedia/imagenes/Imágenes-galería/imagenes-md/md-imagen-45.jpg','Stealth Fighters at Akhtubinsk Air Base','May 4, 2021','Astrakhan Oblast, Russia','no','Stealth Fighters at Akhtubinsk Air Base',1),(46,6,'./multimedia/imagenes/Imágenes-galería/imagenes-md/md-imagen-46.jpg','Muldrow Glacier Surge','April 30, 2021','Denali National Park, Alaska','no','Muldrow Glacier Surge',1),(47,6,'./multimedia/imagenes/Imágenes-galería/imagenes-md/md-imagen-47.jpg','Rush Hour Traffic','April 26, 2021','Tel Aviv, Israel','no','Rush Hour Traffic',1),(48,5,'./multimedia/imagenes/Imágenes-galería/imagenes-md/md-imagen-48.jpg','Arches Slickrock','April 25, 2021','Grand County, Utah','no','Arches Slickrock',1),(49,2,'./multimedia/imagenes/Imágenes-galería/imagenes-md/md-imagen-49.jpg','Lactear Dairy','April 11, 2021','Cordoba, Argentina','no','Lactear Dairy',1),(50,3,'./multimedia/imagenes/Imágenes-galería/imagenes-md/md-imagen-50.jpg','Northwest Trade','March 31, 2021','Surrey, British Columbia, Canada','no','Northwest Trade',1),(51,5,'./multimedia/imagenes/Imágenes-galería/imagenes-md/md-imagen-51.jpg','Ekibastuz GRES-1','March 17, 2021','Kazakhstan','no','Ekibastuz GRES-1',1),(52,3,'./multimedia/imagenes/Imágenes-galería/imagenes-md/md-imagen-52.jpg','NEOM','March 16, 2021','Tabuk, Saudi Arabia','no','NEOM',1),(53,5,'./multimedia/imagenes/Imágenes-galería/imagenes-md/md-imagen-53.jpg','After the Flood','March 10, 2021','Powell County, Kentucky','no','After the Flood',1),(54,1,'./multimedia/imagenes/Imágenes-galería/imagenes-md/md-imagen-54.jpg','Drone Base','March 8, 2021','Dirkou, Niger','no','Drone Base',1),(55,6,'./multimedia/imagenes/Imágenes-galería/imagenes-md/md-imagen-55.jpg','Jonkershoek Fire','February 28, 2021','Western Cap, South Africa','no','Jonkershoek Fire',1),(56,6,'./multimedia/imagenes/Imágenes-galería/imagenes-md/md-imagen-56.jpg','SpaceX SN9 on the Pad','February 1, 2021','Boca Chica, Texas','no','SpaceX SN9 on the Pad',1),(57,6,'./multimedia/imagenes/Imágenes-galería/imagenes-md/md-imagen-57.jpg','Gjerdrum Landslide','January 3, 2021','Ask, Norway','no','Gjerdrum Landslide',1),(58,3,'./multimedia/imagenes/Imágenes-galería/imagenes-md/md-imagen-58.jpg','Lava Lake on Kilauea','December 20, 2020','Big Island, Hawaii','no','Lava Lake on Kilauea',1),(59,3,'./multimedia/imagenes/Imágenes-galería/imagenes-md/md-imagen-59.jpg','Lava Flows on Mount Etna','December 15, 2020','Sicily, Italy','no','Lava Flows on Mount Etna',1),(60,5,'./multimedia/imagenes/Imágenes-galería/imagenes-md/md-imagen-60.jpg','Gamsberg Mine Landslide','December 4, 2020','Northern Cape, South Africa','no','Gamsberg Mine Landslide',1),(61,1,'./multimedia/imagenes/Imágenes-galería/imagenes-md/md-imagen-61.jpg','Sugar Cane Field Burning','December 3, 2020','Palm Beach County, Florida','no','Sugar Cane Field Burning',1),(62,4,'./multimedia/imagenes/Imágenes-galería/imagenes-md/md-imagen-62.jpg','Houziyan Reservoir','November 29, 2020','Sichuan, China','no','Houziyan Reservoir',1),(63,3,'./multimedia/imagenes/Imágenes-galería/imagenes-md/md-imagen-63.jpg','Meke Lake','November 15, 2020','Konya, Turkey','no','Meke Lake',1),(64,4,'./multimedia/imagenes/Imágenes-galería/imagenes-md/md-imagen-64.jpg','Tombigbee River','November 2, 2020','Monroe County, Mississippi','no','Tombigbee River',1),(65,4,'./multimedia/imagenes/Imágenes-galería/imagenes-md/md-imagen-65.jpg','Outburst Flood, Lituya Glacier','October 28, 2020','Desolation Valley, Alaska','no','Outburst Flood, Lituya Glacier',1),(66,2,'./multimedia/imagenes/Imágenes-galería/imagenes-md/md-imagen-66.jpg','Blue Ridge Fire','October 27, 2020','Chino Hills, California','no','Blue Ridge Fire',1),(67,2,'./multimedia/imagenes/Imágenes-galería/imagenes-md/md-imagen-67.jpg','Cameron Peak Fire, Colorado','October 14, 2020','Signal Mountain, Colorado, USA','no','Cameron Peak Fire, Colorado',1),(68,6,'./multimedia/imagenes/Imágenes-galería/imagenes-md/md-imagen-68.jpg','Fires on Mount Kilimanjaro','October 11, 2020','Kilimanjaro Region, Tanzania','no','Fires on Mount Kilimanjaro',1),(69,3,'./multimedia/imagenes/Imágenes-galería/imagenes-md/md-imagen-69.jpg','Mugello Circuit','August 31, 2020','Tuscany, Italy','no','Mugello Circuit',1),(70,5,'./multimedia/imagenes/Imágenes-galería/imagenes-md/md-imagen-70.jpg','CZU Complex Fire','August 19, 2020','Santa Cruz, California','no','CZU Complex Fire',1),(71,3,'./multimedia/imagenes/Imágenes-galería/imagenes-md/md-imagen-71.jpg','Submarine at Yulin Naval Base','August 17, 2020','Hainan Island, China','no','Submarine at Yulin Naval Base',1),(72,3,'./multimedia/imagenes/Imágenes-galería/imagenes-md/md-imagen-72.jpg','Arecibo Observatory Damage','August 9, 2020','Arecibo, Puerto Rico','no','Arecibo Observatory Damage',1),(73,2,'./multimedia/imagenes/Imágenes-galería/imagenes-md/md-imagen-73.jpg','Madura Strait','July 30, 2020','Surabaya, Indonesia','no','Madura Strait',1),(74,5,'./multimedia/imagenes/Imágenes-galería/imagenes-md/md-imagen-74.jpg','Three Gorges Reservoir','July 19, 2020','Hubei, China','no','Three Gorges Reservoir',1),(75,2,'./multimedia/imagenes/Imágenes-galería/imagenes-md/md-imagen-75.jpg','Kharg Island Refinery','July 16, 2020','Kharg Island, Iran','no','Kharg Island Refinery',1),(76,5,'./multimedia/imagenes/Imágenes-galería/imagenes-md/md-imagen-76.jpg','NAS Sports Complex','July 15, 2020','Nad Al Sheba, Dubai','no','NAS Sports Complex',1),(77,3,'./multimedia/imagenes/Imágenes-galería/imagenes-md/md-imagen-77.jpg','Surf on Garden Island','July 9, 2020','Western Australia, Australia','no','Surf on Garden Island',1),(78,6,'./multimedia/imagenes/Imágenes-galería/imagenes-md/md-imagen-78.jpg','Mysterious Explosion at Iranian Nuclear Complex','July 2, 2020','Natanz, Iran','no','Mysterious Explosion at Iranian Nuclear Complex',1),(79,5,'./multimedia/imagenes/Imágenes-galería/imagenes-md/md-imagen-79.jpg','Tropical Forest, Virunga National Park','June 28, 2020','Democratic Republic of the Congo','no','Tropical Forest, Virunga National Park',1),(80,6,'./multimedia/imagenes/Imágenes-galería/imagenes-md/md-imagen-80.jpg','Landslide on the Rio Colca','June 27, 2020','Cañon de Colca, Peru','no','Landslide on the Rio Colca',1),(81,6,'./multimedia/imagenes/Imágenes-galería/imagenes-md/md-imagen-81.jpg','Clash at India China Border','June 18, 2020','Line of Actual Control, India-China Border','no','Clash at India China Border',1),(82,1,'./multimedia/imagenes/Imágenes-galería/imagenes-md/md-imagen-82.jpg','Swirling Currents Off the Coast of Lebanon','June 12, 2020','Beirut, Lebanon','no','Swirling Currents Off the Coast of Lebanon',1),(83,6,'./multimedia/imagenes/Imágenes-galería/imagenes-md/md-imagen-83.jpg','Black Lives Matter Plaza NW','June 6, 2020','Washington, DC','no','Black Lives Matter Plaza NW',1),(84,1,'./multimedia/imagenes/Imágenes-galería/imagenes-md/md-imagen-84.jpg','SpaceX’s Falcon 9 Rocket Prepares to Take Off','May 29, 2020','United States','no','SpaceX’s Falcon 9 Rocket Prepares to Take Off',1),(85,5,'./multimedia/imagenes/Imágenes-galería/imagenes-md/md-imagen-85.jpg','Bus Operators Form Caravan in Protest','May 26, 2020','Berlin, Germany','no','Bus Operators Form Caravan in Protest',1),(86,5,'./multimedia/imagenes/Imágenes-galería/imagenes-md/md-imagen-86.jpg','Incised Valley, Pangong Tso','May 26, 2020','Ladakh, India','no','Incised Valley, Pangong Tso',1),(87,3,'./multimedia/imagenes/Imágenes-galería/imagenes-md/md-imagen-87.jpg','Cruise Ships Cluster in the Caribbean','May 7, 2020','Coco Cay, The Bahamas','no','Cruise Ships Cluster in the Caribbean',1),(88,2,'./multimedia/imagenes/Imágenes-galería/imagenes-md/md-imagen-88.jpg','Fiery Cross Reef','May 2, 2020','Spratly Islands, South China Sea','no','Fiery Cross Reef',1),(89,1,'./multimedia/imagenes/Imágenes-galería/imagenes-md/md-imagen-89.jpg','Morning Fog','April 27, 2020','Parque Nacional Bernardo O\'Higgins, Chile','no','Morning Fog',1),(90,5,'./multimedia/imagenes/Imágenes-galería/imagenes-md/md-imagen-90.jpg','Bayano Lake','April 24, 2020','Panamá Province, Panama','no','Bayano Lake',1),(91,1,'./multimedia/imagenes/Imágenes-galería/imagenes-md/md-imagen-91.jpg','Rock Avalanche on Salkantay','April 16, 2020','Vilcabamba Range, Peru','no','Rock Avalanche on Salkantay',1),(92,3,'./multimedia/imagenes/Imágenes-galería/imagenes-md/md-imagen-92.jpg','Icefields on Kilimanjaro','April 15, 2020','Mount Kilimanjaro, Tanzania','no','Icefields on Kilimanjaro',1),(93,5,'./multimedia/imagenes/Imágenes-galería/imagenes-md/md-imagen-93.jpg','Santa Elena Canyon, Big Bend National Park','April 14, 2020','Texas, United States','no','Santa Elena Canyon, Big Bend National Park',1),(94,5,'./multimedia/imagenes/Imágenes-galería/imagenes-md/md-imagen-94.jpg','Blackheath Burn Scars','April 13, 2020','Blackheath, New South Wales, Australia','no','Blackheath Burn Scars',1),(95,2,'./multimedia/imagenes/Imágenes-galería/imagenes-md/md-imagen-95.jpg','Forest Fires near Chernobyl','April 8, 2020','Pripyat, Ukraine','no','Forest Fires near Chernobyl',1),(96,6,'./multimedia/imagenes/Imágenes-galería/imagenes-md/md-imagen-96.jpg','Southern Museum of Flight','April 8, 2020','Birmingham, Alabama, USA','no','Southern Museum of Flight',1),(97,4,'./multimedia/imagenes/Imágenes-galería/imagenes-md/md-imagen-97.jpg','Steel Mills','April 1, 2020','Tangshan, China','no','Steel Mills',1),(98,4,'./multimedia/imagenes/Imágenes-galería/imagenes-md/md-imagen-98.jpg','Gagarin’s Start','March 21, 2020','Baikonur Cosmodrome, Kazakhstan','no','Gagarin’s Start',1),(99,2,'./multimedia/imagenes/Imágenes-galería/imagenes-md/md-imagen-99.jpg','Nyamuragira Volcano','February 15, 2020','Nord-Kivu, Democratic Republic of the Congo','no','Nyamuragira Volcano',1),(100,2,'./multimedia/imagenes/Imágenes-galería/imagenes-md/md-imagen-100.jpg','Eruption of Taal Volcano','January 29, 2020','Luzon, Philippines','no','Eruption of Taal Volcano',1),(101,6,'./multimedia/imagenes/Imágenes-galería/imagenes-md/md-imagen-101.jpg','Desert Fields','January 24, 2020','Bard, California, USA','no','Desert Fields',1),(102,6,'./multimedia/imagenes/Imágenes-galería/imagenes-md/md-imagen-102.jpg','Attack on Ain Assad Airbase','January 7, 2020','Ain al-Assad, Iraq','no','Attack on Ain Assad Airbase',1),(103,5,'./multimedia/imagenes/Imágenes-galería/imagenes-md/md-imagen-103.jpg','Mumbai City','November 6, 2019','Mumbai, India','no','Mumbai City',1),(104,3,'./multimedia/imagenes/Imágenes-galería/imagenes-md/md-imagen-104.jpg','U.S. Magnesium','September 25, 2019','Rowley, Utah, USA','no','U.S. Magnesium',1),(105,3,'./multimedia/imagenes/Imágenes-galería/imagenes-md/md-imagen-105.jpg','Conestoga River','September 20, 2019','Lancaster, Pennsylvania, USA','no','Conestoga River',1),(106,5,'./multimedia/imagenes/Imágenes-galería/imagenes-md/md-imagen-106.jpg','Karl the Fog','September 10, 2019','California, United States','no','Karl the Fog',1),(107,3,'./multimedia/imagenes/Imágenes-galería/imagenes-md/md-imagen-107.jpg','Glaciers on Puncak Jaya','September 8, 2019','Papua, Indonesia','no','Glaciers on Puncak Jaya',1),(108,5,'./multimedia/imagenes/Imágenes-galería/imagenes-md/md-imagen-108.jpg','Guiana Space Centre','July 29, 2019','Kourou, French Guiana','no','Guiana Space Centre',1),(109,1,'./multimedia/imagenes/Imágenes-galería/imagenes-md/md-imagen-109.jpg','737 Max Storage, Moses Lake','July 24, 2019','Washington, United States','no','737 Max Storage, Moses Lake',1),(110,4,'./multimedia/imagenes/Imágenes-galería/imagenes-md/md-imagen-110.jpg','Meltwater on Petermann Glacier','June 25, 2019','Greenland','no','Meltwater on Petermann Glacier',1),(111,3,'./multimedia/imagenes/Imágenes-galería/imagenes-md/md-imagen-111.jpg','Forestry in Tasmania','March 29, 2019','Tasmania, Australia','no','Forestry in Tasmania',1),(112,4,'./multimedia/imagenes/Imágenes-galería/imagenes-md/md-imagen-112.jpg','Chinese Naval Fleet Exercises','March 25, 2018','South China Sea','no','Chinese Naval Fleet Exercises',1),(113,4,'./multimedia/imagenes/Imágenes-galería/imagenes-md/md-imagen-113.jpg','Mount Asama','April 6, 2017','Japan','no','Mount Asama',1),(114,5,'./multimedia/imagenes/Imágenes-galería/imagenes-md/md-imagen-114.jpg','Timbuktu','March 12, 2017','Mali','no','Timbuktu',1),(115,3,'./multimedia/imagenes/Imágenes-galería/imagenes-md/md-imagen-115.jpg','Hangzhou Bay','February 22, 2017','China','no','Hangzhou Bay',1),(116,2,'./multimedia/imagenes/Imágenes-galería/imagenes-md/md-imagen-116.jpg','Satish Dhawan Space Centre','February 13, 2017','India','no','Satish Dhawan Space Centre',1),(117,2,'./multimedia/imagenes/Imágenes-galería/imagenes-md/md-imagen-117.jpg','San Francisco','February 13, 2017','California, USA','no','San Francisco',1),(118,4,'./multimedia/imagenes/Imágenes-galería/imagenes-md/md-imagen-118.jpg','Volcán de Fuego','January 25, 2017','Guatemala','no','Volcán de Fuego',1),(119,1,'./multimedia/imagenes/Imágenes-galería/imagenes-md/md-imagen-119.jpg','Jeddah','January 25, 2017','Saudi Arabia','no','Jeddah',1),(120,2,'./multimedia/imagenes/Imágenes-galería/imagenes-md/md-imagen-120.jpg','Diavik','January 23, 2017','Canada','no','Diavik',1),(121,6,'./multimedia/imagenes/Imágenes-galería/imagenes-md/md-imagen-121.jpg','Brussels','January 23, 2017','Belgium','no','Brussels',1),(122,6,'./multimedia/imagenes/Imágenes-galería/imagenes-md/md-imagen-122.jpg','Maracaibo','January 23, 2017','Venezuela','no','Maracaibo',1),(123,2,'./multimedia/imagenes/Imágenes-galería/imagenes-md/md-imagen-123.jpg','Key West','January 9, 2017','Florida, USA','no','Key West',1),(124,1,'./multimedia/imagenes/Imágenes-galería/imagenes-md/md-imagen-124.jpg','Nador','January 4, 2017','Morocco','no','Nador',1),(125,3,'./multimedia/imagenes/Imágenes-galería/imagenes-md/md-imagen-125.jpg','Pangane','January 3, 2017','Mozambique','no','Pangane',1),(126,6,'./multimedia/imagenes/Imágenes-galería/imagenes-md/md-imagen-126.jpg','Piqiang Fault','September 28, 2019','Xinjiang Province, China','si','Piqiang Fault',1),(127,2,'./multimedia/imagenes/Imágenes-galería/imagenes-md/md-imagen-127.jpg','Colosseum','April 5, 2020','Rome, Italy','si','Colosseum',1),(128,3,'./multimedia/imagenes/Imágenes-galería/imagenes-md/md-imagen-128.jpg','Precision Agriculture','April 11, 2020','Rio Grande do Sul, Brazil','si','Precision Agriculture',1),(129,5,'./multimedia/imagenes/Imágenes-galería/imagenes-md/md-imagen-129.jpg','Allegiant Stadium','April 27, 2020','Las Vegas, Nevada, USA','no','Allegiant Stadium',1),(130,1,'./multimedia/imagenes/Imágenes-galería/imagenes-md/md-imagen-130.jpg','Salt Ponds','October 30, 2020','San Francisco Bay, California','si','Salt Ponds',1),(131,5,'./multimedia/imagenes/Imágenes-galería/imagenes-md/md-imagen-131.jpg','Drought Impacts the Hoover Dam','June 23, 2021','Nevada, USA','si','Drought Impacts the Hoover Dam',1),(132,4,'./multimedia/imagenes/Imágenes-galería/imagenes-md/md-imagen-132.jpg','Athabasca River Delta','February 10, 2022','Saskatchewan, Canada','si','Athabasca River Delta',1),(133,3,'./multimedia/imagenes/Imágenes-galería/imagenes-md/md-imagen-133.jpg','Hanul Nuclear Power Plant','March 10, 2022','Gyeongsangbuk-do province, South Korea','si','Hanul Nuclear Power Plant',1),(134,3,'./multimedia/imagenes/Imágenes-galería/imagenes-md/md-imagen-134.jpg','Landslides and Debris Flows','November 22, 2022','Mindanao Island, Philippines','no','Landslides and Debris Flows',1),(135,5,'./multimedia/imagenes/Imágenes-galería/imagenes-md/md-imagen-135.jpg','Glaciar Perito Moreno','January 3, 2023','El Parque Nacional Los Glaciares, Argentina','si','Glaciar Perito Moreno',1),(136,4,'./multimedia/imagenes/Imágenes-galería/imagenes-md/md-imagen-136.jpg','Greenhouses on the Campo de Dalías','January 4, 2023','Almería, Spain','si','Greenhouses on the Campo de Dalías',1),(137,3,'./multimedia/imagenes/Imágenes-galería/imagenes-md/md-imagen-137.jpg','Thwaites Glacier','February 15, 2023','Marie Byrd Land, Antarctica','si','Thwaites Glacier',1);
/*!40000 ALTER TABLE `muestras` ENABLE KEYS */;
UNLOCK TABLES;

--
-- Table structure for table `muestras_usuarios`
--

DROP TABLE IF EXISTS `muestras_usuarios`;
/*!40101 SET @saved_cs_client     = @@character_set_client */;
/*!50503 SET character_set_client = utf8mb4 */;
CREATE TABLE `muestras_usuarios` (
  `id_muestra_usuario` int NOT NULL AUTO_INCREMENT,
  `id_muestra` int NOT NULL,
  `id_usuario` int NOT NULL,
  PRIMARY KEY (`id_muestra_usuario`),
  KEY `fk_muestra_mu_idx` (`id_muestra`),
  KEY `fk_usuario_mu_idx` (`id_usuario`),
  CONSTRAINT `fk_muestra_mu` FOREIGN KEY (`id_muestra`) REFERENCES `muestras` (`id_muestra`),
  CONSTRAINT `fk_usuario_mu` FOREIGN KEY (`id_usuario`) REFERENCES `usuarios` (`id_usuario`)
) ENGINE=InnoDB AUTO_INCREMENT=301 DEFAULT CHARSET=utf8mb3 COLLATE=utf8mb3_spanish2_ci;
/*!40101 SET character_set_client = @saved_cs_client */;

--
-- Dumping data for table `muestras_usuarios`
--

LOCK TABLES `muestras_usuarios` WRITE;
/*!40000 ALTER TABLE `muestras_usuarios` DISABLE KEYS */;
INSERT INTO `muestras_usuarios` VALUES (1,34,59),(2,81,69),(3,132,19),(4,75,53),(5,92,20),(6,51,56),(7,31,45),(8,91,80),(9,47,97),(10,31,55),(11,44,3),(12,107,82),(13,45,89),(14,29,34),(15,70,90),(16,120,68),(17,96,15),(18,37,72),(19,107,11),(20,123,1),(21,37,91),(22,111,97),(23,83,67),(24,57,74),(25,82,64),(26,59,55),(27,67,56),(28,41,15),(29,52,71),(30,100,69),(31,44,43),(32,69,68),(33,103,27),(34,60,68),(35,115,40),(36,25,82),(37,62,32),(38,40,51),(39,6,96),(40,22,92),(41,122,39),(42,55,33),(43,116,79),(44,32,28),(45,102,73),(46,136,45),(47,126,93),(48,112,22),(49,127,70),(50,22,1),(51,111,100),(52,53,33),(53,30,81),(54,22,43),(55,27,28),(56,99,96),(57,14,72),(58,9,78),(59,48,92),(60,46,35),(61,90,50),(62,18,40),(63,61,18),(64,20,5),(65,31,88),(66,94,79),(67,51,40),(68,61,93),(69,25,8),(70,103,95),(71,105,89),(72,11,56),(73,84,43),(74,130,32),(75,106,92),(76,11,54),(77,96,50),(78,113,70),(79,104,42),(80,106,38),(81,126,52),(82,9,57),(83,3,51),(84,38,63),(85,27,87),(86,62,51),(87,15,63),(88,96,70),(89,96,21),(90,60,25),(91,45,84),(92,84,4),(93,34,36),(94,16,68),(95,68,40),(96,100,50),(97,44,35),(98,75,21),(99,118,19),(100,22,67),(101,106,5),(102,20,42),(103,7,35),(104,35,25),(105,43,43),(106,123,35),(107,118,35),(108,83,87),(109,39,80),(110,106,34),(111,99,44),(112,10,79),(113,8,18),(114,53,25),(115,35,28),(116,118,95),(117,56,78),(118,88,20),(119,65,68),(120,14,34),(121,80,46),(122,93,59),(123,110,11),(124,15,83),(125,136,92),(126,48,84),(127,107,65),(128,79,72),(129,87,52),(130,116,9),(131,57,46),(132,57,18),(133,2,63),(134,81,67),(135,20,64),(136,67,28),(137,52,75),(138,105,11),(139,66,64),(140,7,43),(141,61,70),(142,93,21),(143,34,32),(144,21,100),(145,120,44),(146,102,10),(147,62,56),(148,37,65),(149,61,57),(150,98,51),(151,35,7),(152,86,72),(153,43,28),(154,81,75),(155,39,11),(156,119,9),(157,76,96),(158,52,71),(159,76,21),(160,41,93),(161,112,2),(162,125,66),(163,101,26),(164,133,80),(165,126,72),(166,44,32),(167,7,74),(168,119,26),(169,78,28),(170,68,57),(171,114,93),(172,35,81),(173,82,14),(174,20,57),(175,117,71),(176,32,33),(177,48,96),(178,77,74),(179,79,11),(180,31,26),(181,80,29),(182,32,57),(183,7,43),(184,71,70),(185,127,21),(186,11,2),(187,122,14),(188,14,38),(189,26,94),(190,123,38),(191,77,69),(192,136,15),(193,87,70),(194,74,80),(195,14,36),(196,77,92),(197,107,72),(198,66,68),(199,94,64),(200,96,26),(201,60,4),(202,128,26),(203,111,73),(204,135,43),(205,100,15),(206,64,20),(207,78,20),(208,17,63),(209,6,51),(210,45,31),(211,134,64),(212,36,27),(213,58,97),(214,42,53),(215,7,27),(216,65,11),(217,30,19),(218,97,93),(219,133,13),(220,66,54),(221,133,74),(222,108,34),(223,19,100),(224,43,88),(225,54,36),(226,28,18),(227,53,97),(228,122,97),(229,29,66),(230,92,92),(231,110,35),(232,31,5),(233,120,27),(234,29,93),(235,20,56),(236,8,16),(237,5,9),(238,97,65),(239,24,13),(240,32,50),(241,136,48),(242,34,94),(243,114,25),(244,132,10),(245,100,3),(246,28,77),(247,12,31),(248,80,83),(249,24,7),(250,89,32),(251,63,40),(252,44,87),(253,123,7),(254,72,53),(255,105,87),(256,43,95),(257,101,19),(258,121,57),(259,123,67),(260,115,28),(261,12,70),(262,28,26),(263,81,59),(264,64,96),(265,119,90),(266,134,33),(267,24,53),(268,79,33),(269,32,96),(270,19,97),(271,80,78),(272,43,19),(273,135,56),(274,19,26),(275,2,78),(276,44,65),(277,64,21),(278,53,54),(279,75,35),(280,137,72),(281,108,13),(282,116,27),(283,23,100),(284,43,70),(285,122,14),(286,116,32),(287,50,8),(288,90,51),(289,114,26),(290,28,66),(291,6,65),(292,113,33),(293,57,1),(294,77,87),(295,107,9),(296,91,81),(297,124,7),(298,52,49),(299,137,100),(300,136,100);
/*!40000 ALTER TABLE `muestras_usuarios` ENABLE KEYS */;
UNLOCK TABLES;

--
-- Table structure for table `plataformas`
--

DROP TABLE IF EXISTS `plataformas`;
/*!40101 SET @saved_cs_client     = @@character_set_client */;
/*!50503 SET character_set_client = utf8mb4 */;
CREATE TABLE `plataformas` (
  `id_plataforma` int NOT NULL AUTO_INCREMENT,
  `nombre_plat` varchar(45) CHARACTER SET utf8mb3 COLLATE utf8mb3_spanish2_ci NOT NULL,
  `fabricante` varchar(45) CHARACTER SET utf8mb3 COLLATE utf8mb3_spanish2_ci DEFAULT NULL,
  `plataforma_activa` tinyint NOT NULL DEFAULT '1',
  PRIMARY KEY (`id_plataforma`)
) ENGINE=InnoDB AUTO_INCREMENT=8 DEFAULT CHARSET=utf8mb3 COLLATE=utf8mb3_spanish2_ci;
/*!40101 SET character_set_client = @saved_cs_client */;

--
-- Dumping data for table `plataformas`
--

LOCK TABLES `plataformas` WRITE;
/*!40000 ALTER TABLE `plataformas` DISABLE KEYS */;
INSERT INTO `plataformas` VALUES (1,'WORLDVIEW-3','Ball Aerospace',1),(2,'WORLDVIEW-2','Ball Aerospace',1),(3,'GEOEYE-1','General Dynamics',1),(4,'PLÉIADES 1','EADS Astrium Satellites',1),(5,'PLANETSCOPE','Planet Labs',1),(6,'PLÉIADES NEO','Airbus',1);
/*!40000 ALTER TABLE `plataformas` ENABLE KEYS */;
UNLOCK TABLES;

--
-- Table structure for table `usuarios`
--

DROP TABLE IF EXISTS `usuarios`;
/*!40101 SET @saved_cs_client     = @@character_set_client */;
/*!50503 SET character_set_client = utf8mb4 */;
CREATE TABLE `usuarios` (
  `id_usuario` int NOT NULL AUTO_INCREMENT,
  `nombre_us` varchar(45) CHARACTER SET utf8mb3 COLLATE utf8mb3_spanish2_ci NOT NULL,
  `apellido` varchar(45) CHARACTER SET utf8mb3 COLLATE utf8mb3_spanish2_ci NOT NULL,
  `email` varchar(100) CHARACTER SET utf8mb3 COLLATE utf8mb3_spanish2_ci NOT NULL,
  `contraseña` varchar(12) CHARACTER SET utf8mb3 COLLATE utf8mb3_spanish2_ci NOT NULL,
  `usuario_activo` tinyint NOT NULL DEFAULT '1',
  PRIMARY KEY (`id_usuario`),
  UNIQUE KEY `contraseña_UNIQUE` (`contraseña`)
) ENGINE=InnoDB AUTO_INCREMENT=101 DEFAULT CHARSET=utf8mb3 COLLATE=utf8mb3_spanish2_ci;
/*!40101 SET character_set_client = @saved_cs_client */;

--
-- Dumping data for table `usuarios`
--

LOCK TABLES `usuarios` WRITE;
/*!40000 ALTER TABLE `usuarios` DISABLE KEYS */;
INSERT INTO `usuarios` VALUES (1,'Carlos','García','carlos.garcia@outlook.com','Abc1234',1),(2,'María','Rodríguez','maria.rodriguez@gmail.com','XyZ4567',1),(3,'Juan','Martínez','juan.martinez@yahoo.com','QwErTy8',1),(4,'Ana','López','ana.lopez@hotmail.com','1a2b3c4d',1),(5,'Pedro','González','pedro.gonzalez@live.com','D4E5F6Gh',1),(6,'Lucía','Hernández','lucia.hernandez@protonmail.com','gH7iJ8Kl',1),(7,'Sofía','Pérez','sofia.perez@aol.com','kL9Mn0Op',1),(8,'Miguel','Sánchez','miguel.sanchez@icloud.com','PqRstu12',1),(9,'Jorge','Ramírez','jorge.ramirez@yandex.com','vWxYz3',1),(10,'Carmen','Cruz','carmen.cruz@zoho.com','2AbCdE4',1),(11,'Antonio','Jiménez','antonio.jimenez@tutanota.com','F3GHiJ5',1),(12,'Raquel','Morales','raquel.morales@protonmail.com','K4LmN6',1),(13,'Rosa','Ortega','rosa.ortega@fastmail.com','oP7qRs8',1),(14,'Pablo','Vázquez','pablo.vazquez@riseup.net','9TuVw0',1),(15,'Elena','Soto','elena.soto@pm.me','xY1Za2b',1),(16,'Isabel','Torres','isabel.torres@mail.com','1b2C3d4',1),(17,'Ricardo','Domínguez','ricardo.dominguez@protonmail.com','E5F6Gh7',1),(18,'Daniela','Vargas','daniela.vargas@outlook.com','iJ8kLm9',1),(19,'Diego','Molina','diego.molina@gmail.com','N0oP1q',1),(20,'Verónica','Suárez','veronica.suarez@yahoo.com','R2sT3u4',1),(21,'Cristina','Ruiz','cristina.ruiz@hotmail.com','5VwX6y',1),(22,'José','Navarro','jose.navarro@live.com','Z7a8Bc',1),(23,'Eva','Ramos','eva.ramos@aol.com','D9Ef0Gh',1),(24,'Alberto','Gil','alberto.gil@icloud.com','Hi1Jk2',1),(25,'Laura','Mendoza','laura.mendoza@outlook.com','Lm3No4',1),(26,'Juan','García','juanga123@outlook.com','p8Lw7X',1),(27,'María','Rodríguez','marrod456@gmail.com','fE3j2Z9',1),(28,'Pedro','Martínez','pedmar789@yahoo.com','W4x6R2nL',1),(29,'Ana','Hernández','anaher123@hotmail.com','q7Tg5S9B',1),(30,'Luis','López','luislo456@live.com','z9GdR6x',1),(31,'Laura','Gómez','laugom789@aol.com','hP5k2X',1),(32,'Carlos','Díaz','cardia123@outlook.com','s7J8K4',1),(33,'Sofía','Pérez','sofper456@gmail.com','fN9p7B3',1),(34,'Lorena','Sánchez','lorsan123@outlook.com','y6J8Q2x',1),(35,'José','Martínez','josemar456@gmail.com','dS9g6V2w',1),(36,'Ana','Gómez','anagom789@yahoo.com','a3Q8W6x',1),(37,'Pablo','Ruiz','pabruiz123@hotmail.com','k6V2z9C4',1),(38,'Lucía','Martín','lucmar456@live.com','b3X8W6z9',1),(39,'Francisco','Torres','frator789@protonmail.com','f5R9w3X7',1),(40,'María','López','marlope123@aol.com','u8P6y2C4',1),(41,'Marta','Sánchez','martsan456@icloud.com','n7Z2c6Q9',1),(42,'José','Gómez','josegom789@yandex.com','p4E7r9K2',1),(43,'Ana','Martín','anamar123@zoho.com','j5V9k2X6',1),(44,'David','Hernández','davher456@tutanota.com','q6L9t7C3',1),(45,'Elena','Gómez','elengom789@protonmail.com','p4R9j2S7',1),(46,'Miguel','Martínez','migmart123@outlook.com','z8G5r7B2',1),(47,'Sofía','Rodríguez','sofrod456@gmail.com','w3N9b6Z4',1),(48,'Carlos','López','carlop789@hotmail.com','y7H2q5M9',1),(49,'Paula','Gutiérrez','paugut123@aol.com','e9L5x7W2',1),(50,'Alejandro','González','alegon456@icloud.com','h7T9d5F3',1),(51,'Carmen','Pérez','carper789@outlook.com','s2K9t8B5',1),(52,'Sara','Hernández','sarher123@gmail.com','x6Z9c7V2',1),(53,'Jorge','Martínez','jormar456@yahoo.com','z3H5k7S9',1),(54,'Raquel','Gómez','raqgom789@live.com','g9B6t7Z3',1),(55,'Daniel','López','danlop123@aol.com','m8D5r2H7',1),(56,'Lorena','García','lorgar456@icloud.com','c7W9v4X6',1),(57,'José','Martín','josemar789@outlook.com','k3R7u9L2',1),(58,'Ana','Sánchez','ansas123@gmail.com','w4N7x8J6',1),(59,'Pablo','Hernández','pabher456@yahoo.com','v6C9d3R7',1),(60,'Lucía','Martínez','lucmar789@hotmail.com','n5B9h4S7',1),(61,'Francisco','Gómez','fragom123@icloud.com','w2Q7y6K9',1),(62,'María','Pérez','marper456@outlook.com','r5V9s2L6',1),(63,'Marta','Gutiérrez','martut789@gmail.com','a7D3f9H5',1),(64,'José','Hernández','joseher123@yahoo.com','s9Z6v3B5',1),(65,'Ana','Martínez','anamar456@hotmail.com','t7X2w5E8',1),(66,'Fernando','Díaz','ferdia123@protonmail.com','r9W3t8K5',1),(67,'Celia','Sanz','celsan456@outlook.com','n7B2g5V9',1),(68,'Diego','García','diegar789@outlook.com','p4F8h6N2',1),(69,'Marina','López','marlop123@gmail.com','t9R5s2F6',1),(70,'Andrés','Martínez','andmar456@yahoo.com','z6X9c3V5',1),(71,'Eva','Fernández','evafer789@live.com','g3D7j6R4',1),(72,'Hugo','Gómez','huggom123@protonmail.com','f5W8b2Q7',1),(73,'Cristina','Martín','crimar456@outlook.com','x9Z3v7J6',1),(74,'Pablo','García','pabgar789@gmail.com','k2M8d5F9',1),(75,'Nuria','Rodríguez','nurrod123@yahoo.com','c6V9t2R7',1),(76,'Marcos','González','margon456@live.com','x4H9j5Q3',1),(77,'Natalia','Díaz','natdia789@outlook.com','b6C9v3R5',1),(78,'Lorenzo','Sánchez','lorsan123@gmail.com','y7W4u8G2',1),(79,'Inés','Hernández','ineher456@yahoo.com','h3X7n9M6',1),(80,'Ismael','Martínez','ismmar789@live.com','w5Z8v3C7',1),(81,'Sara','García','sargar123@gmail.com','e8D2f6X7',1),(82,'Víctor','González','vicgon456@outlook.com','t5H7w9S4',1),(83,'Olivia','López','olilop789@yahoo.com','q6R9u3F8',1),(84,'Héctor','Martín','hemar123@hotmail.com','x9N4k7V3',1),(85,'Laura','Díaz','laurdi456@protonmail.com','g7J9m2X8',1),(86,'Javier','Sánchez','javsan789@outlook.com','r3L6v9K2',1),(87,'Elena','García','elengar123@gmail.com','w7B2q4M8',1),(88,'Alonso','Martínez','alonmar456@yahoo.com','e5V9h2J4',1),(89,'Ana','Fernández','anafer789@hotmail.com','p4D7k6F3',1),(90,'Lucas','Sánchez','lucsan123@live.com','b9T3r7V5',1),(91,'Marcela','Martínez','marcela123@outlook.com','z7Q3v5K8',0),(92,'Ricardo','López','ricardolopez456@gmail.com','s4W9x2F6',0),(93,'Julia','Gómez','juliagomez789@yahoo.com','q6R9t3V7',0),(94,'Gabriel','Rodríguez','gabrielrod123@live.com','e8N5u2J4',0),(95,'Nora','Fernández','norfern456@outlook.com','t7B2h9M5',0),(96,'Diego','Hernández','diegohern789@gmail.com','p4G7j9L3',0),(97,'Valeria','García','valeriagarcia123@yahoo.com','x6Q9w2E8',0),(98,'Bruno','Sánchez','brunsan456@hotmail.com','z3R6t8U2',0),(99,'Carolina','Martín','carolinamar789@outlook.com','b5Y8u4I7',0),(100,'Franco','Lacamoire','francolacamoire@gmail.com','raul1953',1);
/*!40000 ALTER TABLE `usuarios` ENABLE KEYS */;
UNLOCK TABLES;

--
-- Table structure for table `usuarios_ainf`
--

DROP TABLE IF EXISTS `usuarios_ainf`;
/*!40101 SET @saved_cs_client     = @@character_set_client */;
/*!50503 SET character_set_client = utf8mb4 */;
CREATE TABLE `usuarios_ainf` (
  `id_usuario_ainf` int NOT NULL AUTO_INCREMENT,
  `id_usuario` int NOT NULL,
  `fecha_nac` date DEFAULT NULL,
  `país` varchar(45) CHARACTER SET utf8mb3 COLLATE utf8mb3_spanish2_ci DEFAULT NULL,
  `num_muestras` int NOT NULL DEFAULT '0',
  `usuario_ainf_activa` tinyint NOT NULL DEFAULT '1',
  PRIMARY KEY (`id_usuario_ainf`),
  KEY `fk_usuario_ainf_idx` (`id_usuario`),
  CONSTRAINT `fk_usuario_ainf` FOREIGN KEY (`id_usuario`) REFERENCES `usuarios` (`id_usuario`)
) ENGINE=InnoDB AUTO_INCREMENT=101 DEFAULT CHARSET=utf8mb3 COLLATE=utf8mb3_spanish2_ci;
/*!40101 SET character_set_client = @saved_cs_client */;

--
-- Dumping data for table `usuarios_ainf`
--

LOCK TABLES `usuarios_ainf` WRITE;
/*!40000 ALTER TABLE `usuarios_ainf` DISABLE KEYS */;
INSERT INTO `usuarios_ainf` VALUES (1,1,'1985-06-15','Argentina',0,1),(2,2,NULL,'Perú',0,1),(3,3,'1990-03-22','Brasil',0,1),(4,4,NULL,'Colombia',0,1),(5,5,'1988-07-10','Chile',0,1),(6,6,NULL,'Ecuador',0,1),(7,7,'1995-09-05','Uruguay',0,1),(8,8,NULL,'Paraguay',0,1),(9,9,'1993-12-18','Bolivia',0,1),(10,10,NULL,'Venezuela',0,1),(11,11,'1987-04-30',NULL,0,1),(12,12,NULL,NULL,0,1),(13,13,'1992-10-25',NULL,0,1),(14,14,NULL,'Argentina',0,1),(15,15,'1998-03-12','Perú',0,1),(16,16,NULL,'Brasil',0,1),(17,17,'1983-08-07','Colombia',0,1),(18,18,NULL,'Chile',0,1),(19,19,'1991-01-20','Ecuador',0,1),(20,20,NULL,'Uruguay',0,1),(21,21,'1989-09-02','Paraguay',0,1),(22,22,NULL,'Bolivia',0,1),(23,23,'1996-11-14','Venezuela',0,1),(24,24,NULL,NULL,0,1),(25,25,'1994-04-08',NULL,0,1),(26,26,NULL,NULL,0,1),(27,27,'1980-10-23','Argentina',0,1),(28,28,NULL,'Perú',0,1),(29,29,'1986-07-17','Brasil',0,1),(30,30,NULL,'Colombia',0,1),(31,31,'1999-06-05','Chile',0,1),(32,32,NULL,'Ecuador',0,1),(33,33,'1984-09-30','Uruguay',0,1),(34,34,NULL,'Paraguay',0,1),(35,35,'1997-02-10','Bolivia',0,1),(36,36,NULL,'Venezuela',0,1),(37,37,'1990-05-28',NULL,0,1),(38,38,NULL,NULL,0,1),(39,39,'1988-11-15',NULL,0,1),(40,40,NULL,'Argentina',0,1),(41,41,'1983-04-03','Perú',0,1),(42,42,NULL,'Brasil',0,1),(43,43,'1995-08-20','Colombia',0,1),(44,44,NULL,'Chile',0,1),(45,45,'1981-09-12','Ecuador',0,1),(46,46,NULL,'Uruguay',0,1),(47,47,'1992-03-28','Paraguay',0,1),(48,48,NULL,'Bolivia',0,1),(49,49,'1987-01-18','Venezuela',0,1),(50,50,NULL,NULL,0,1),(51,51,'1982-12-09','Argentina',0,1),(52,52,NULL,'Perú',0,1),(53,53,'1996-07-18','Brasil',0,1),(54,54,NULL,'Colombia',0,1),(55,55,'1990-03-25','Chile',0,1),(56,56,NULL,'Ecuador',0,1),(57,57,'1985-05-14','Uruguay',0,1),(58,58,NULL,'Paraguay',0,1),(59,59,'1993-09-28','Bolivia',0,1),(60,60,NULL,'Venezuela',0,1),(61,61,'1988-08-03',NULL,0,1),(62,62,NULL,NULL,0,1),(63,63,'1997-01-21',NULL,0,1),(64,64,NULL,'Argentina',0,1),(65,65,'1984-06-15','Perú',0,1),(66,66,NULL,'Brasil',0,1),(67,67,'1991-11-30','Colombia',0,1),(68,68,NULL,'Chile',0,1),(69,69,'1980-04-08','Ecuador',0,1),(70,70,NULL,'Uruguay',0,1),(71,71,'1987-02-07','Paraguay',0,1),(72,72,NULL,'Bolivia',0,1),(73,73,'1994-09-19','Venezuela',0,1),(74,74,NULL,NULL,0,1),(75,75,'1989-03-14',NULL,0,1),(76,76,NULL,NULL,0,1),(77,77,'1983-10-27','Argentina',0,1),(78,78,NULL,'Perú',0,1),(79,79,'1985-05-09','Brasil',0,1),(80,80,NULL,'Colombia',0,1),(81,81,'1998-12-04','Chile',0,1),(82,82,NULL,'Ecuador',0,1),(83,83,'1986-08-25','Uruguay',0,1),(84,84,NULL,'Paraguay',0,1),(85,85,'1992-02-11','Bolivia',0,1),(86,86,NULL,'Venezuela',0,1),(87,87,'1990-01-18',NULL,0,1),(88,88,NULL,NULL,0,1),(89,89,'1982-07-27',NULL,0,1),(90,90,NULL,'Argentina',0,1),(91,91,'1986-04-05','Perú',0,0),(92,92,NULL,'Brasil',0,0),(93,93,'1995-08-20','Colombia',0,0),(94,94,NULL,'Chile',0,0),(95,95,'1981-09-12','Ecuador',0,0),(96,96,NULL,'Uruguay',0,0),(97,97,'1992-03-28','Paraguay',0,0),(98,98,NULL,'Bolivia',0,0),(99,99,'1987-01-18','Venezuela',0,0),(100,100,NULL,NULL,0,1);
/*!40000 ALTER TABLE `usuarios_ainf` ENABLE KEYS */;
UNLOCK TABLES;
/*!40103 SET TIME_ZONE=@OLD_TIME_ZONE */;

/*!40101 SET SQL_MODE=@OLD_SQL_MODE */;
/*!40014 SET FOREIGN_KEY_CHECKS=@OLD_FOREIGN_KEY_CHECKS */;
/*!40014 SET UNIQUE_CHECKS=@OLD_UNIQUE_CHECKS */;
/*!40101 SET CHARACTER_SET_CLIENT=@OLD_CHARACTER_SET_CLIENT */;
/*!40101 SET CHARACTER_SET_RESULTS=@OLD_CHARACTER_SET_RESULTS */;
/*!40101 SET COLLATION_CONNECTION=@OLD_COLLATION_CONNECTION */;
/*!40111 SET SQL_NOTES=@OLD_SQL_NOTES */;

-- Dump completed on 2024-05-26 13:44:03
